,Train accuracy,Test accuracy,Train MattCorrCoef,Test MattCorrCoef,method
0,0.960431654676259,0.8345323741007195,0.9135882879413173,0.626898011077773,none
0,0.9406474820143885,0.7913669064748201,0.8682723729902782,0.5256189732907001,PCA
0,0.9694244604316546,0.8273381294964028,0.9324679872847973,0.6078384402681106,RFECV
