,train_acc,test_acc,train_matt,test_matt,halving
0,0.9765840220385675,0.841726618705036,0.9534611411815117,0.6424176489731721,none
1,0.8774104683195593,0.7266187050359713,0.8774104683195593,0.4886347049087899,grid
2,0.9944903581267218,0.7841726618705036,0.9944903581267218,0.7841726618705036,random
