,Train accuracy,Test accuracy,Train MattCorrCoef,Test MattCorrCoef,method
0,0.9540581929555896,0.8727050183598531,0.9077519150726172,0.7441690275120262,none
0,0.9571209800918836,0.8616891064871481,0.9138653570347647,0.7220421365386775,PCA
0,0.9571209800918836,0.8690330477356181,0.9138659777104269,0.7370647200897499,RFECV
