,train_acc,test_acc,train_matt,test_matt,halving
0,0.9660529344073648,0.8776009791921665,0.9321064859723917,0.7541674189083468,none
1,0.9769850402761795,0.8641370869033048,0.9769850402761795,0.7269287574248116,grid
2,0.9456271576524741,0.8653610771113831,0.9456271576524741,0.8653610771113831,random
